40.029751,-75.179114,19144,
39.984589,-75.126971,19125,
39.992637,-75.168532,19132,
39.994701,-75.184643,19132,
39.979015,-75.160019,19121,
39.997796,-75.172026,19132,
39.9784,-75.143193,19122,
40.030383,-75.116293,19120,
40.004586,-75.162976,19140,
39.935519,-75.178481,19146,
40.003659,-75.141452,19140,
40.043863,-75.095371,19111,
40.071839,-75.180042,19150,
39.993606,-75.127075,19134,
40.003265,-75.101188,19124,
39.919418,-75.140564,19148,
39.992161,-75.228043,19131,
40.052236,-75.151452,19138,
39.993926,-75.132353,19133,
40.027295,-75.036514,19135,
40.034277,-75.045726,19135,
40.024175,-75.125052,19120,
39.938079,-75.14926,19147,
40.067513,-75.016434,19114,
40.025578,-75.043034,19135,
39.967031,-75.22071,19139,
39.952073,-75.161485,19105,
39.99148,-75.122562,19134,
39.948415,-75.241509,19143,
40.012122,-75.136485,19140,
39.978263,-75.118842,19125,
39.96648,-75.134362,19125,
39.912805,-75.182811,19145,
39.984696,-75.145542,19122,
39.906755,-75.153961,19148,
40.000506,-75.105046,19134,
40.007538,-75.126244,19134,
39.965679,-75.177731,19130,
39.976042,-75.1225,19125,
39.953818,-75.228137,19143,
40.004973,-75.174052,19132,
40.053417,-75.030844,19136,
39.949604,-75.166595,19102,
40.065992,-75.1441,19126,
39.883852,-75.230706,19153,
40.042006,-75.056466,19149,
40.030258,-75.118485,19120,
40.019801,-75.050183,19135,
39.965362,-75.230277,19139,
39.978311,-75.17715,19121,
39.960061,-75.224902,19139,
39.954226,-75.217954,19139,
39.949718,-75.167576,19103,
40.022328,-75.120152,19120,
40.000343,-75.110641,19134,
40.035031,-75.14409,19141,
39.947287,-75.161642,19107,
40.020248,-75.080417,19124,
39.97792,-75.173437,19121,
40.011121,-75.154084,19140,
40.013977,-75.147175,19140,
39.914999,-75.22117,19153,
39.904016,-75.154559,19148,
40.04003,-75.025722,19136,
39.909791,-75.240887,19153,
40.040551,-75.047453,19152,
39.955868,-75.174683,19103,
40.02626,-75.169222,19144,
40.004216,-75.092904,19124,
40.022416,-75.078182,19124,
39.926027,-75.229986,19142,
39.918748,-75.186057,19145,
40.03297,-75.029775,19136,
40.051883,-75.156993,19138,
39.936835,-75.179202,19146,
39.939741,-75.153228,19147,
39.996166,-75.177052,19132,
39.9513,-75.15455,19107,
40.036768,-75.084321,19149,
40.040886,-75.048183,19149,
40.02189,-75.075315,19124,
39.997768,-75.107391,19134,
39.920015,-75.241,19142,
40.019951,-75.089739,19124,
39.938133,-75.154875,19147,
40.031932,-75.168579,19102,
39.934535,-75.170892,19146,
39.918227,-75.162354,19148,
39.976672,-75.136289,19122,
40.018131,-75.156626,19140,
40.004475,-75.093511,19124,
39.977637,-75.266244,19151,
39.971511,-75.159492,19121,
39.955429,-75.1871,19104,
39.981182,-75.153711,19122,
39.940866,-75.173294,19146,
39.983165,-75.108385,19134,
40.014366,-75.068007,19124,
39.987222,-75.124652,19125,
40.027792,-75.176026,19144,
39.952836,-75.166898,19103,
39.962212,-75.242738,19139,
39.968718,-75.162716,19130,
39.961463,-75.148204,19123,
39.950131,-75.217965,19143,
40.051992,-75.047859,19152,
40.076328,-75.175534,19150,
40.02365,-75.128453,19120,
40.04453,-75.033197,19136,
40.014927,-75.190524,19129,
40.042366,-75.082657,19111,
39.994361,-75.121005,19134,
39.98685,-75.160491,19132,
39.947608,-75.247252,19143,
39.900717,-75.229902,19153,
39.980517,-75.140883,19122,
39.990343,-75.090676,19134,
39.9957,-75.119719,19134,
39.921591,-75.242685,19142,
39.988128,-75.128524,19125,
39.936687,-75.156908,19147,
39.99809,-75.125342,19134,
39.930176,-75.159838,19147,
39.959078,-75.194705,19104,
40.031634,-75.117272,19120,
40.065603,-75.206433,19118,
40.027226,-75.168751,19144,
40.042375,-75.123053,19120,
40.04197,-75.07962,19111,
39.975334,-75.121184,19125,
39.988128,-75.128524,19125,
39.98212,-75.14844,19122,
39.984113,-75.156682,19122,
40.005731,-75.098989,19124,
39.947371,-75.168091,19102,
40.056641,-75.176442,19119,
39.977589,-75.235633,19131,
39.997293,-75.089345,19137,
39.997537,-75.132527,19133,
39.943407,-75.179031,19146,
40.073768,-75.197788,19118,
40.079535,-74.971381,19154,
39.940706,-75.225275,19143,
40.03891,-75.04002,19136,
39.99864,-75.109263,19134,
39.988728,-75.187106,19132,
40.035317,-75.121299,19120,
39.936422,-75.221628,19143,
40.060177,-75.152801,19138,
39.996076,-75.140736,19133,
39.992465,-75.130075,19133,
40.022416,-75.078182,19124,
39.980956,-75.146244,19122,
39.967044,-75.14572,19123,
39.976419,-75.131979,19125,
40.014687,-75.081994,19124,
40.035253,-75.078889,19149,
39.995178,-75.164098,19132,
40.006611,-75.213489,19131,
40.036443,-75.083545,19149,
40.08538,-75.023823,19114,
39.989868,-75.103866,19134,
40.02432,-75.145756,19141,
39.986718,-75.122639,19125,
39.984922,-75.233319,19131,
39.964768,-75.242148,19139,
39.973368,-75.234725,19131,
39.963706,-75.193075,19104,
40.023323,-75.076843,19124,
40.079218,-75.171586,19150,
39.997329,-75.145066,19133,
39.948385,-75.14439,19106,
39.93504,-75.190298,19146,
39.949042,-75.173097,19103,
40.01208,-75.112391,19124,
40.023619,-75.059343,19135,
39.930171,-75.195548,19145,
39.985097,-75.148242,19122,
39.905563,-75.245604,19153,
39.915155,-75.240287,19142,
39.980903,-75.18211,19121,
39.950745,-75.209365,19104,
39.972413,-75.146221,19122,
39.987824,-75.184822,19121,
39.997123,-75.130712,19133,
39.920804,-75.225197,19142,
40.069171,-75.007272,19114,
40.066964,-75.156335,19138,
39.985518,-75.1133,19134,
40.037055,-75.145232,19141,
40.022416,-75.078182,19124,
40.115424,-75.021125,19116,
40.01259,-75.14017,19140,
40.025074,-75.118819,19120,
39.935218,-75.22192,19143,
40.065137,-75.158001,19138,
39.988728,-75.187106,19132,
40.05017,-75.057909,19152,
39.997293,-75.089345,19137,
39.98554,-75.103658,19134,
40.022399,-75.084284,19124,
40.026747,-75.067061,19149,
40.005015,-75.172669,19129,
39.98347,-75.162664,19121,
39.993014,-75.110267,19134,
39.978119,-75.163712,19121,
39.978817,-75.230305,19131,
39.988688,-75.173494,19121,
39.985103,-75.120626,19125,
39.889289,-75.186581,19112,
39.950511,-75.164149,19110,
39.972707,-75.247103,19151,
39.983786,-75.10872,19134,
40.021214,-75.157585,19140,
40.035253,-75.08135,19149,
40.054694,-75.15812,19138,
39.974525,-75.182763,19130,
40.005821,-75.099096,19124,
40.045909,-74.994697,19114,
40.029955,-75.164952,19144,
39.985191,-75.13206,19133,
39.972958,-75.243756,19151,
40.078631,-74.998227,19114,
39.971743,-75.171995,19130,
39.979723,-75.142841,19122,
40.038843,-75.130037,19120,
39.971712,-75.161177,19130,
39.942344,-75.15526,19147,
40.000136,-75.221399,19131,
40.035495,-75.067087,19149,
40.039627,-75.074155,19149,
40.031036,-75.066669,19149,
39.976414,-75.24699,19151,
39.969937,-75.136934,19122,
40.03887,-75.143605,19141,
40.024617,-75.147941,19141,
39.954656,-75.157182,19107,
39.953725,-75.240508,19143,
39.950355,-75.22629,19143,
39.993948,-75.15459,19132,
39.952073,-75.161485,19105,
39.970049,-75.124954,19125,
39.955937,-75.160639,19107,
40.017064,-75.08473,19124,
39.996426,-75.138353,19133,
39.961815,-75.194193,19104,
40.016785,-75.083729,19124,
39.986397,-75.180237,19121,
39.970484,-75.148198,19123,
40.002581,-75.17341,19132,
40.041452,-75.165583,19144,
39.966018,-75.168025,19130,
40.042654,-75.074526,19149,
40.017139,-75.133918,19140,
39.981977,-75.158942,19121,
39.984608,-75.092674,19134,
40.041366,-75.126439,19120,
39.980765,-75.149558,19122,
39.955342,-75.212727,19139,
40.009911,-75.151976,19140,
39.964382,-75.139088,19123,
39.978424,-75.245411,19151,
40.044763,-75.101454,19120,
40.016863,-75.083676,19124,
39.946325,-75.244028,19143,
40.004496,-75.174152,19132,
39.965636,-75.231825,19139,
39.939432,-75.151318,19147,
39.964087,-75.137663,19123,
40.070302,-75.157319,19150,
39.924899,-75.169698,19145,
40.005567,-75.103332,19124,
40.103652,-74.975238,19154,
39.97338,-75.17837,19130,
40.027797,-75.033272,19136,
40.005623,-75.10205,19124,
39.943536,-75.14844,19106,
39.992124,-75.099342,19134,
39.916809,-75.233312,19142,
40.052764,-75.158093,19138,
39.986347,-75.156322,19132,
39.980391,-75.123278,19125,
39.95648,-75.209814,19104,
39.98731,-75.108744,19134,
40.093648,-74.960143,19154,
39.955691,-75.239667,19143,
39.993875,-75.179216,19132,
39.968842,-75.159223,19123,
39.991713,-75.14226,19133,
40.018757,-75.132527,19140,
40.022416,-75.078182,19124,
40.008183,-75.161205,19140,
39.972084,-75.251179,19151,
39.934374,-75.221737,19143,
40.003791,-75.149177,19140,
39.961904,-75.141183,19123,
40.038562,-75.048464,19149,
39.986377,-75.169611,19121,
39.978801,-75.123545,19125,
39.966384,-75.21661,19139,
40.020579,-75.134034,19140,
40.005834,-75.148924,19140,
39.925543,-75.234358,19142,
40.040891,-75.172559,19144,
40.002084,-75.116309,19134,
39.986656,-75.136441,19133,
40.056529,-75.072211,19111,
39.951895,-75.172497,19103,
39.9926,-75.131145,19133,
39.954016,-75.226182,19143,
40.021779,-75.155106,19140,
39.986347,-75.156322,19132,
40.041808,-75.123549,19120,
39.918748,-75.186057,19145,
39.986397,-75.180237,19121,
39.991094,-75.150351,19133,
40.115944,-75.00583,19116,
40.024357,-75.082219,19124,
40.066488,-74.982719,19114,
39.997296,-75.108088,19134,
40.029715,-75.151742,19141,
39.994927,-75.137262,19133,
39.986634,-75.127212,19125,
40.007576,-75.101354,19124,
39.966376,-75.216719,19139,
40.026346,-75.1388,19141,
40.032663,-75.140621,19141,
40.021374,-75.156244,19140,
40.075743,-75.03315,19114,
39.940501,-75.218928,19143,
40.023206,-75.042981,19135,
39.940527,-75.22933,19143,
39.970306,-75.130278,19125,
40.02849,-75.099584,19124,
40.001322,-75.150715,19132,
40.028049,-75.054023,19135,
39.970443,-75.159713,19130,
40.038919,-75.18861,19144,
39.987476,-75.111407,19134,
40.004896,-75.097981,19124,
40.068202,-75.199212,19118,
40.023386,-75.133313,19120,
39.94711,-75.160988,19107,
40.068483,-75.029878,19114,
39.966243,-75.137049,19123,
40.016737,-75.147742,19140,
40.121548,-75.011838,19116,
39.891748,-75.170345,19112,
39.938675,-75.21839,19143,
39.94007,-75.166412,19146,
39.998668,-75.090539,19137,
40.028454,-75.227087,19127,
39.992781,-75.182207,19132,
40.073831,-75.173193,19150,
40.007619,-75.138865,19140,
39.992977,-75.122276,19134,
40.012264,-75.087759,19124,
39.918126,-75.160507,19148,
39.977872,-75.163073,19121,
39.999592,-75.125038,19134,
39.969385,-75.232388,19131,
39.979197,-75.162667,19121,
39.99809,-75.125342,19134,
39.937904,-75.175648,19146,
39.961004,-75.245181,19139,
39.97087,-75.188508,19130,
39.92085,-75.182286,19145,
39.996651,-75.139387,19133,
40.008277,-75.106805,19124,
40.015259,-75.16991,19144,
40.051901,-75.084455,19111,
39.991909,-75.109265,19134,
39.987817,-75.102647,19134,
40.03831,-75.172129,19144,
39.991744,-75.124549,19134,
40.03959,-75.120448,19120,
39.982428,-75.125073,19125,
39.96828,-75.146294,19123,
39.988815,-75.120218,19134,
40.007518,-75.090821,19124,
40.115373,-75.021038,19116,
40.022722,-75.170253,19144,
39.949709,-75.166749,19102,
39.969271,-75.228349,19131,
40.000838,-75.174853,19132,
39.991621,-75.136203,19133,
39.950587,-75.193967,19104,
39.991967,-75.121589,19134,
39.945804,-75.230088,19143,
40.001633,-75.116414,19134,
40.063081,-75.158343,19138,
39.942087,-75.213734,19143,
39.980158,-75.128225,19125,
40.003934,-75.066876,19137,
40.024827,-75.118157,19120,
40.004815,-75.14121,19140,
40.018844,-75.084366,19124,
39.994922,-75.126044,19134,
40.029122,-75.122761,19120,
39.995831,-75.092117,19137,
39.934154,-75.222839,19143,
39.934177,-75.181193,19146,
39.954678,-75.216886,19139,
40.011488,-75.158043,19140,
40.033873,-75.133039,19120,
39.977726,-75.226453,19131,
39.98384,-75.149735,19122,
40.02109,-75.13392,19140,
40.027974,-75.133461,19120,
40.052124,-75.0513,19152,
39.978149,-75.123944,19125,
39.984405,-75.156733,19121,
39.985661,-75.172265,19121,
39.992642,-75.144141,19133,
39.929394,-75.148315,19147,
39.997444,-75.097068,19134,
39.971834,-75.245884,19151,
40.011593,-75.069821,19124,
39.917174,-75.23741,19142,
39.99872,-75.147119,19133,
40.078686,-75.031224,19115,
39.964613,-75.236138,19139,
40.007003,-75.158281,19140,
39.983731,-75.176783,19121,
39.988109,-75.233073,19131,
40.021853,-75.078842,19124,
39.966018,-75.168025,19130,
40.105272,-75.033322,19115,
39.994374,-75.130222,19133,
40.020093,-75.170061,19144,
39.958723,-75.223175,19139,
40.043554,-75.17273,19144,
39.99148,-75.122562,19134,
39.955611,-75.224402,19139,
40.024763,-75.126636,19120,
39.988699,-75.091352,19134,
40.032438,-75.106257,19124,
39.986748,-75.165072,19121,
39.963448,-75.202914,19104,
39.967752,-75.218764,19139,
39.934462,-75.194749,19146,
40.031026,-75.170666,19102,
39.985428,-75.149394,19133,
39.989546,-75.17051,19121,
40.02709,-75.109901,19124,
40.023302,-75.125808,19120,
39.951895,-75.172497,19103,
39.990672,-75.129028,19125,
39.961255,-75.138629,19123,
39.958488,-75.228367,19139,
39.989599,-75.123012,19134,
39.919979,-75.231097,19142,
39.958169,-75.242218,19139,
39.98791,-75.154577,19132,
40.071201,-75.166751,19150,
40.083193,-75.070024,19111,
39.990814,-75.178322,19132,
39.96197,-75.199781,19104,
40.000064,-75.165742,19132,
39.972815,-75.216461,19131,
39.95051,-75.21476,19143,
39.988856,-75.151842,19133,
39.97028,-75.179686,19130,
39.971458,-75.225903,19131,
39.926914,-75.22663,19142,
40.040253,-75.040706,19136,
39.924646,-75.152997,19148,
40.029841,-75.169454,19144,
39.971562,-75.126634,19125,
39.938649,-75.173465,19146,
40.020197,-75.112973,19120,
40.024713,-75.109803,19124,
40.039747,-75.118814,19120,
39.979449,-75.225372,19131,
39.988128,-75.128524,19125,
39.996,-75.152204,19132,
39.958556,-75.143832,19123,
40.034092,-75.210254,19128,
40.003783,-75.133293,19140,
39.98198,-75.183751,19121,
39.92021,-75.168926,19148,
39.980631,-75.173133,19121,
40.012062,-75.192761,19129,
40.028561,-75.106849,19124,
39.944143,-75.230241,19143,
39.9784,-75.143193,19122,
39.9812,-75.165469,19121,
39.971693,-75.161126,19130,
40.055089,-75.0903,19111,
39.990263,-75.186686,19132,
40.055367,-75.08988,19111,
40.049758,-75.148007,19141,
39.927986,-75.22218,19143,
39.923506,-75.143638,19148,
39.930362,-75.151631,19147,
39.995689,-75.143197,19133,
40.01209,-75.099348,19124,
40.020814,-75.053074,19135,
40.058717,-75.059163,19111,
40.012329,-75.136556,19140,
39.931107,-75.214567,19143,
39.988603,-75.116767,19134,
39.947278,-75.166719,19102,
39.96786,-75.205638,19104,
40.103492,-75.003973,19244,
39.992877,-75.122219,19134,
39.992726,-75.120326,19134,
40.00958,-75.141451,19140,
39.933598,-75.192856,19145,
40.009962,-75.108372,19124,
39.947554,-75.159214,19107,
39.980845,-75.14816,19122,
40.036197,-75.155479,19141,
39.983754,-75.148026,19122,
39.942708,-75.181762,19146,
39.986015,-75.114391,19134,
40.058256,-75.087188,19111,
40.017759,-75.149342,19140,
39.989727,-75.134189,19133,
39.998217,-75.146603,19133,
39.992931,-75.121813,19134,
40.044036,-75.116043,19120,
39.949909,-75.161879,19107,
40.035005,-75.0763,19149,
39.968837,-75.178215,19130,
39.993929,-75.130277,19133,
39.919349,-75.150521,19148,
40.073515,-75.051894,19152,
39.957396,-75.22936,19139,
39.954421,-75.20469,19104,
40.029908,-75.206284,19128,
39.923593,-75.186624,19145,
39.981636,-75.162145,19121,
39.912153,-75.244363,19153,
39.974122,-75.179659,19130,
39.953333,-75.195975,19104,
39.979789,-75.107653,19134,
39.981033,-75.151924,19122,
40.005885,-75.10184,19124,
39.912409,-75.243247,19153,
39.984405,-75.156733,19121,
40.005742,-75.101,19124,
39.961808,-75.161421,19123,
40.049881,-75.197485,19119,
40.022408,-75.045013,19135,
40.040865,-75.174844,19144,
40.041782,-75.158722,19138,
40.005585,-75.102876,19124,
40.016402,-75.210415,19128,
39.98107,-75.147716,19122,
39.876264,-75.244143,19153,
39.914999,-75.22117,19153,
39.939837,-75.198893,19146,
40.08507,-74.959266,19154,
39.920362,-75.232868,19142,
40.028406,-75.141515,19141,
40.003194,-75.130381,19140,
39.976143,-75.226717,19131,
40.041374,-75.126548,19120,
39.924419,-75.169747,19145,
40.021896,-75.133971,19140,
39.970977,-75.264751,19151,
39.954882,-75.196513,19104,
40.022416,-75.078182,19124,
39.991933,-75.126012,19134,
40.040285,-75.058299,19149,
39.962157,-75.203973,19104,
39.93758,-75.164683,19147,
40.030103,-75.103211,19124,
39.95439,-75.148136,19106,
39.988528,-75.136886,19133,
40.035317,-75.121299,19120,
40.008382,-75.151718,19140,
40.074643,-75.204016,19118,
40.047613,-75.185186,19119,
39.992864,-75.121326,19134,
39.979541,-75.128552,19125,
40.101891,-75.039848,19115,
40.002402,-75.07979,19124,
40.104302,-74.982581,19154,
40.069442,-75.052353,19152,
40.044481,-75.143595,19141,
39.988441,-75.109737,19134,
39.948696,-75.178827,19103,
39.925771,-75.151674,19148,
40.023941,-75.06282,19135,
39.999714,-75.169446,19132,
39.952073,-75.161485,19105,
39.992234,-75.17798,19132,
40.044036,-75.116043,19120,
39.948658,-75.249466,19143,
40.050654,-75.191351,19119,
39.988844,-75.127384,19125,
40.04449,-75.119456,19120,
39.950699,-75.228907,19143,
39.97403,-75.137438,19122,
40.049781,-75.233638,19128,
39.924646,-75.152997,19148,
39.941457,-75.229005,19143,
39.993418,-75.096951,19134,
39.974803,-75.260668,19151,
40.019977,-75.174982,19144,
40.016511,-75.149728,19140,
39.972437,-75.152112,19122,
39.987689,-75.231114,19131,
39.97328,-75.234751,19131,
40.008956,-75.068995,19137,
39.965006,-75.188774,19104,
39.944551,-75.227499,19143,
39.957995,-75.243679,19139,
39.994209,-75.131809,19133,
39.992027,-75.155079,19132,
39.987354,-75.159389,19132,
40.039892,-75.090629,19111,
40.042385,-75.138448,19141,
40.091052,-75.032648,19115,
39.985983,-75.238279,19131,
39.952193,-75.190062,19104,
40.027927,-75.115744,19120,
39.953445,-75.244751,19143,
39.921923,-75.188921,19145,
39.978877,-75.15959,19121,
39.915522,-75.239758,19142,
39.995153,-75.139073,19133,
39.999322,-75.110615,19134,
39.937252,-75.176796,19146,
39.96639,-75.140174,19123,
40.050133,-75.150523,19141,
40.01537,-75.147788,19140,
39.998668,-75.090539,19137,
40.041843,-75.035333,19136,
39.948297,-75.16161,19107,
39.983552,-75.231132,19131,
39.91548,-75.167687,19148,
39.9646,-75.139697,19123,
39.992887,-75.122218,19134,
39.967129,-75.212667,19104,
39.919146,-75.148951,19148,
39.942612,-75.172311,19146,
40.022894,-75.16321,19144,
40.011796,-75.097751,19124,
39.998668,-75.090539,19137,
40.070321,-75.177744,19150,
40.087104,-75.022166,19114,
40.022767,-75.077521,19124,
39.961315,-75.142723,19123,
39.947963,-75.162183,19107,
40.06943,-75.159958,19138,
39.954398,-75.179889,19103,
39.952945,-75.159664,19107,
39.999131,-75.120986,19134,
39.968241,-75.219375,19139,
39.987039,-75.161643,19132,
40.025851,-75.162934,19144,
40.008721,-75.146786,19140,
39.97022,-75.21385,19131,
39.973026,-75.153602,19122,
39.923467,-75.243211,19142,
39.944118,-75.153549,19106,
40.092371,-75.029671,19115,
40.052552,-75.073716,19111,
39.942914,-75.20853,19143,
39.986103,-75.124921,19125,
39.991875,-75.125479,19134,
39.953782,-75.209657,19104,
40.011967,-75.073136,19124,
39.978717,-75.157917,19122,
39.989688,-75.114713,19134,
40.021918,-75.173038,19144,
39.970771,-75.164517,19130,
39.975095,-75.229538,19131,
39.953772,-75.166676,19103,
39.984804,-75.132254,19133,
40.045046,-75.08069,19111,
39.994937,-75.125482,19134,
39.986876,-75.245568,19131,
39.957313,-75.240814,19139,
40.020238,-75.134108,19140,
40.026644,-75.053652,19135,
39.984651,-75.164821,19121,
39.982683,-75.164455,19121,
40.026559,-75.053675,19135,
40.039082,-75.144752,19141,
39.987948,-75.125978,19125,
39.953499,-75.164495,19107,
39.977035,-75.169326,19121,
39.98537,-75.131079,19125,
40.101615,-74.979063,19154,
40.028709,-75.127089,19120,
39.998913,-75.168503,19132,
40.082422,-75.049715,19115,
40.044467,-75.143487,19141,
39.988844,-75.127384,19125,
40.02849,-75.099584,19124,
39.960473,-75.228648,19139,
39.95211,-75.161442,19105,
39.971511,-75.159492,19121,
40.008255,-75.156408,19140,
39.961256,-75.23467,19139,
39.93252,-75.151927,19147,
39.915719,-75.15653,19148,
39.995322,-75.178243,19132,
40.03437,-75.092304,19149,
39.992933,-75.159747,19132,
39.966333,-75.249211,19139,
39.978771,-75.146618,19122,
39.996001,-75.168022,19132,
40.103993,-75.035241,19115,
40.046682,-75.083462,19111,
39.945987,-75.21404,19143,
39.937623,-75.176576,19146,
39.956394,-75.221289,19139,
40.033559,-75.185671,19144,
40.116827,-74.990424,19116,
40.015044,-75.093471,19124,
39.99348,-75.096963,19134,
39.923404,-75.149005,19148,
39.991256,-75.173497,19132,
39.980436,-75.128709,19125,
39.982661,-75.188419,19121,
40.044997,-75.221444,19128,
40.047254,-75.167705,19138,
39.931779,-75.156104,19147,
39.934022,-75.170394,19146,
39.942832,-75.177492,19146,
40.108353,-75.019937,19116,
40.042006,-75.056466,19149,
40.042799,-75.100433,19120,
40.036305,-75.069729,19149,
40.091919,-75.026353,19115,
40.024878,-75.218648,19127,
39.921434,-75.14644,19148,
39.95496,-75.149508,19106,
40.005045,-75.15548,19140,
40.011589,-75.072155,19124,
39.990694,-75.165469,19132,
39.916022,-75.165573,19148,
39.952719,-75.219292,19143,
40.028462,-75.224891,19127,
39.948471,-75.205702,19104,
40.059011,-75.152003,19138,
40.045535,-75.088253,19111,
40.044654,-75.05465,19149,
39.996125,-75.109562,19134,
40.00876,-75.091804,19124,
39.998668,-75.090539,19137,
40.010431,-75.147379,19140,
40.022416,-75.078182,19124,
39.99148,-75.122562,19134,
40.009337,-75.167952,19129,
39.988041,-75.156803,19132,
39.990975,-75.161832,19132,
39.973104,-75.231996,19131,
40.074339,-75.175208,19150,
40.059319,-75.140355,19126,
39.951586,-75.156776,19107,
40.005585,-75.102876,19124,
39.996683,-75.119031,19134,
40.042364,-75.144459,19141,
40.068666,-75.164045,19150,
39.922214,-75.187309,19145,
40.081599,-75.041472,19115,
39.966285,-75.242957,19139,
39.985179,-75.232084,19131,
40.035783,-75.125404,19120,
40.02902,-75.067789,19149,
40.029867,-75.055718,19149,
39.972915,-75.170993,19130,
40.031088,-75.029379,19136,
39.990343,-75.090676,19134,
40.054691,-75.072231,19111,
39.959733,-75.195238,19104,
40.025686,-75.181767,19144,
40.035899,-75.149872,19141,
40.06404,-75.063614,19111,
39.966871,-75.245944,19139,
39.991924,-75.126446,19134,
40.037674,-75.075991,19149,
39.986182,-75.106754,19134,
40.051837,-75.041527,19152,
39.918075,-75.153625,19148,
39.923506,-75.143638,19148,
39.954653,-75.164695,19102,
40.075475,-75.019217,19114,
40.017392,-75.186369,19129,
40.057391,-75.146504,19126,
40.014849,-75.08554,19124,
40.001286,-75.166388,19132,
39.976274,-75.13505,19122,
40.000945,-75.074363,19137,
39.977825,-75.238838,19131,
39.991835,-75.166034,19132,
39.93985,-75.157724,19147,
40.063964,-75.0567,19152,
39.950587,-75.193967,19104,
40.015326,-75.150415,19140,
39.995448,-75.147208,19133,
39.988128,-75.128524,19125,
39.992726,-75.120326,19134,
39.995807,-75.13286,19133,
40.000225,-75.091663,19137,
39.962759,-75.204038,19104,
39.968179,-75.214628,19139,
40.060661,-75.076802,19111,
40.055435,-75.232442,19128,
39.975896,-75.158465,19122,
39.98362,-75.151405,19122,
40.042237,-75.126363,19120,
39.955419,-75.217818,19139,
39.958416,-75.231349,19139,
39.954828,-75.183337,19104,
40.019112,-75.137414,19140,
39.90215,-75.239783,19153,
40.073061,-75.16654,19150,
39.932972,-75.178257,19146,
40.046757,-75.153726,19138,
40.030647,-75.146578,19141,
39.990925,-75.101642,19134,
40.064331,-75.153561,19138,
39.999048,-75.11267,19134,
40.027525,-75.062235,19149,
39.997807,-75.117158,19134,
39.957543,-75.239661,19139,
40.043627,-75.153899,19138,
39.924419,-75.169747,19145,
39.955845,-75.157357,19107,
40.085541,-75.039293,19115,
39.996258,-75.136373,19133,
40.048073,-75.069088,19149,
40.022416,-75.078182,19124,
39.954773,-75.226025,19139,
39.951441,-75.168826,19103,
39.938022,-75.1977,19146,
39.982011,-75.251628,19151,
40.079786,-75.0688,19111,
40.012777,-75.153831,19140,
39.92507,-75.156152,19148,
39.949742,-75.164318,19102,
40.052043,-75.062454,19152,
39.956264,-75.147671,19106,
40.098177,-74.965688,19154,
39.924529,-75.233155,19142,
40.016592,-75.140898,19140,
39.95296,-75.234482,19143,
39.957158,-75.201956,19104,
39.983427,-75.084588,19137,
39.921749,-75.153499,19148,
39.955901,-75.167859,19103,
39.990056,-75.14443,19133,
39.986878,-75.239986,19131,
39.993343,-75.137559,19133,
40.020546,-75.084798,19124,
40.014404,-75.095732,19124,
39.993418,-75.096951,19134,
40.02902,-75.067789,19149,
39.943157,-75.176343,19146,
39.954908,-75.164727,19102,
40.026155,-75.135303,19120,
39.965799,-75.133436,19125,
39.988008,-75.105951,19134,
39.981019,-75.152191,19122,
39.894728,-75.229306,19153,
40.017462,-75.149523,19140,
40.042006,-75.056466,19149,
40.026986,-75.209504,19128,
40.000289,-75.21319,19131,
39.988802,-75.139593,19133,
39.953772,-75.166676,19103,
40.034939,-75.069437,19149,
39.985249,-75.135151,19133,
40.020814,-75.155543,19140,
39.994416,-75.121489,19134,
40.053731,-75.072506,19111,
39.997354,-75.089405,19137,
39.918461,-75.173826,19145,
40.010843,-75.163336,19140,
40.022183,-75.044814,19135,
39.933512,-75.146521,19147,
40.029732,-75.044659,19135,
39.939073,-75.194067,19146,
40.00088,-75.114503,19134,
40.010167,-75.097748,19124,
39.96133,-75.22257,19139,
39.97163,-75.160305,19130,
40.065072,-75.148454,19126,
39.972674,-75.169045,19130,
39.911143,-75.230213,19142,
39.942285,-75.233857,19143,
39.951339,-75.161105,19107,
39.99747,-75.141852,19133,
39.971244,-75.248145,19151,
39.941709,-75.170839,19146,
40.040572,-75.186659,19144,
40.038844,-75.130963,19120,
39.966945,-75.143727,19123,
40.108002,-74.979087,19154,
40.074272,-75.074575,19111,
39.9521,-75.190083,19104,
40.01214,-75.187289,19129,
39.992722,-75.107921,19134,
39.971313,-75.227184,19131,
39.996571,-75.11337,19134,
39.946335,-75.159483,19107,
40.020933,-75.073595,19124,
40.054166,-75.054475,19152,
39.949176,-75.163166,19107,
40.010527,-75.148736,19140,
39.961167,-75.240875,19139,
40.02905,-75.100449,19124,
39.949455,-75.219061,19143,
40.078664,-74.998497,19114,
39.92236,-75.173496,19145,
40.029921,-75.051599,19135,
39.975516,-75.134134,19125,
40.038731,-75.033027,19136,
39.945959,-75.184349,19146,
39.972084,-75.251179,19151,
39.907852,-75.24336,19153,
39.986888,-75.165042,19121,
39.997455,-75.117237,19134,
40.02876,-75.065154,19149,
40.048555,-75.115593,19120,
39.883546,-75.232354,19153,
40.03948,-75.154487,19144,
39.954024,-75.226184,19143,
40.054855,-75.072333,19111,
40.015668,-75.112268,19120,
39.996571,-75.11337,19134,
39.978482,-75.121609,19125,
39.952116,-75.144356,19106,
40.027077,-75.046317,19135,
39.992802,-75.167814,19132,
40.035626,-75.173177,19144,
40.054717,-75.070548,19111,
40.049908,-75.058137,19152,
40.000501,-75.150849,19133,
40.067149,-75.017933,19114,
40.092734,-75.03168,19115,
40.054158,-75.155817,19138,
39.920415,-75.158785,19148,
39.951136,-75.153585,19107,
39.951441,-75.168826,19103,
39.964704,-75.221214,19139,
39.970758,-75.247231,19151,
40.072575,-75.167136,19150,
39.968615,-75.243478,19151,
40.027255,-75.161044,19144,
39.990634,-75.124791,19134,
39.921899,-75.166412,19148,
39.978062,-75.273929,19151,
40.025275,-75.164291,19144,
39.993929,-75.130277,19133,
39.996227,-75.137451,19133,
40.008808,-75.173111,19129,
39.995551,-75.166634,19132,
39.977925,-75.252595,19151,
40.028386,-75.053587,19135,
40.028551,-75.085334,19124,
40.06297,-75.060662,19111,
39.935959,-75.184038,19146,
39.934016,-75.17161,19146,
40.037354,-75.02796,19136,
39.959978,-75.224918,19139,
40.025504,-75.122407,19120,
39.973417,-75.160277,19121,
40.021682,-75.044218,19135,
40.005585,-75.102876,19124,
40.037587,-75.127342,19120,
40.033982,-75.016779,19136,
39.986795,-75.101318,19134,
40.0458,-75.050175,19152,
40.006224,-75.140056,19140,
39.991634,-75.100485,19134,
39.95893,-75.2414,19139,
39.965812,-75.19188,19104,
39.998881,-75.120532,19134,
39.941329,-75.147574,19147,
40.021316,-75.160293,19144,
40.05323,-75.045253,19152,
39.99284,-75.133055,19133,
40.018481,-75.054852,19135,
39.912614,-75.240965,19153,
39.950151,-75.170405,19103,
39.998002,-75.12469,19134,
39.961669,-75.245058,19139,
40.025838,-75.132863,19120,
40.004219,-75.081693,19124,
40.039437,-75.033466,19136,
40.044619,-75.145149,19141,
39.978568,-75.225859,19131,
39.975697,-75.20794,19104,
39.9796,-75.153034,19122,
39.967557,-75.229986,19139,
40.038844,-75.141773,19141,
39.926444,-75.175602,19145,
40.06489,-74.981528,19114,
40.060392,-75.235591,19128,
40.00136,-75.138234,19140,
40.034624,-75.042767,19135,
39.992608,-75.180212,19132,
39.953694,-75.174483,19103,
39.935674,-75.189207,19146,
40.016785,-75.083729,19124,
39.997762,-75.123212,19134,
40.001328,-75.215276,19131,
39.985916,-75.176353,19121,
40.102552,-75.028886,19115,
39.945565,-75.153239,19106,
40.003982,-75.134779,19140,
39.997478,-75.144024,19133,
39.951512,-75.168714,19192,
40.035596,-75.217319,19128,
39.991323,-75.11652,19134,
39.945652,-75.235098,19143,
40.01209,-75.099348,19124,
39.99437,-75.087287,19137,
39.991734,-75.0988,19134,
39.975834,-75.16029,19121,
39.996015,-75.128861,19134,
40.03068,-75.078713,19149,
39.934177,-75.181193,19146,
40.048626,-75.159662,19138,
39.989889,-75.125492,19125,
39.932558,-75.166845,19147,
40.02849,-75.099584,19124,
40.066979,-75.146847,19138,
40.001262,-75.12863,19134,
39.986499,-75.180512,19121,
39.940075,-75.157673,19147,
40.045282,-75.032594,19136,
39.968174,-75.137487,19123,
40.024944,-75.113392,19120,
40.05189,-75.155408,19138,
40.044727,-75.149544,19141,
40.028444,-75.129195,19120,
40.02849,-75.099584,19124,
39.979747,-75.16509,19121,
40.040246,-75.122909,19120,
39.986397,-75.180237,19121,
39.976351,-75.11972,19125,
39.981662,-75.111254,19134,
39.950369,-75.160269,19175,
39.924926,-75.226389,19142,
40.058344,-75.0705,19111,
40.026161,-75.172195,19144,
39.957657,-75.211234,19139,
40.053507,-75.15637,19138,
40.022458,-75.077954,19124,
40.015882,-75.141172,19140,
39.964401,-75.218936,19139,
40.02772,-75.170631,19144,
40.021021,-75.150623,19140,
40.045852,-75.173578,19144,
40.039082,-75.144752,19141,
39.992931,-75.121813,19134,
40.009609,-75.151117,19140,
39.991021,-75.144215,19133,
40.010439,-75.152618,19140,
39.883546,-75.232354,19153,
40.037367,-75.07072,19149,
39.999355,-75.135749,19133,
39.930746,-75.183831,19145,
40.025378,-75.073366,19135,
40.028041,-75.13837,19141,
40.039775,-75.143652,19141,
39.975979,-75.175898,19121,
39.952597,-75.244351,19143,
40.014363,-75.157334,19140,
39.992708,-75.094265,19134,
39.982765,-75.146639,19122,
40.013849,-75.072994,19124,
39.974475,-75.248289,19151,
40.022787,-75.115223,19120,
39.952311,-75.247793,19143,
40.030727,-75.113615,19120,
40.009763,-75.106479,19124,
40.020351,-75.108543,19124,
39.951387,-75.168403,19103,
39.975278,-75.142965,19122,
39.958162,-75.235537,19139,
39.953012,-75.162365,19107,
39.949589,-75.153976,19107,
39.980807,-75.226237,19131,
39.977793,-75.12897,19125,
40.037652,-75.130188,19120,
39.917356,-75.158285,19148,
40.011849,-75.088205,19124,
40.036064,-75.080567,19149,
40.070611,-75.033,19152,
40.024174,-75.077405,19124,
40.023398,-75.145146,19140,
39.919649,-75.163973,19148,
40.036958,-75.182357,19144,
39.967355,-75.17404,19130,
39.970484,-75.148198,19123,
40.014218,-75.140985,19140,
40.016647,-75.134846,19140,
39.99935,-75.127257,19134,
40.034126,-75.215938,19128,
39.995831,-75.092117,19137,
39.982853,-75.165972,19121,
40.019638,-75.163187,19144,
40.015625,-75.149777,19140,
39.975896,-75.158465,19122,
39.883852,-75.230706,19153,
40.01208,-75.112391,19124,
39.894609,-75.236679,19153,
39.999651,-75.12511,19134,
39.955639,-75.202276,19104,
39.980601,-75.172506,19121,
39.957197,-75.142021,19123,
40.037354,-75.02796,19136,
39.952612,-75.16517,19107,
40.022416,-75.078182,19124,
39.996994,-75.10865,19134,
39.954773,-75.226025,19139,
39.993713,-75.152411,19133,
40.022054,-75.152631,19140,
39.99349,-75.138044,19133,
39.998899,-75.105184,19134,
40.095559,-75.025954,19115,
40.042729,-75.150538,19141,
40.035317,-75.121299,19120,
40.006574,-75.088188,19124,
40.060724,-75.141734,19126,
40.031941,-75.169787,19144,
40.050581,-75.156316,19138,
39.955462,-75.207448,19104,
39.958824,-75.206271,19104,
40.035317,-75.121299,19120,
39.992627,-75.11272,19134,
39.984301,-75.140485,19122,
39.990343,-75.090676,19134,
39.965958,-75.247218,19139,
39.96665,-75.213189,19104,
40.00638,-75.15311,19140,
39.970073,-75.170794,19130,
39.992396,-75.129619,19134,
40.063547,-74.985296,19114,
40.030481,-75.229912,19127,
40.028689,-75.143065,19141,
40.049094,-75.142593,19141,
39.959855,-75.146839,19123,
39.932752,-75.216076,19143,
40.035246,-75.165074,19144,
40.038006,-75.068,19149,
39.979981,-75.10974,19134,
40.047255,-75.059188,19149,
40.001566,-75.110231,19134,
39.975011,-75.224455,19131,
40.002287,-75.095625,19124,
39.995477,-75.116304,19134,
39.99363,-75.152428,19132,
40.007338,-75.149429,19140,
40.055778,-75.158892,19138,
40.001692,-75.147458,19140,
40.055336,-75.158354,19138,
40.001741,-75.173876,19132,
39.961555,-75.224716,19139,
39.987505,-75.124883,19125,
40.066569,-75.024272,19114,
40.049386,-75.1498,19141,
39.971823,-75.135337,19122,
40.026512,-75.121614,19120,
39.985046,-75.124281,19125,
40.054825,-75.00478,19114,
40.04458,-75.030626,19136,
40.068384,-74.989133,19114,
40.002928,-75.202934,19131,
39.995674,-75.167578,19132,
40.030498,-75.031518,19136,
40.002664,-75.148874,19140,
40.043643,-75.152138,19141,
40.017112,-75.084723,19124,
39.944514,-75.221815,19143,
39.954615,-75.2303,19139,
39.99284,-75.133055,19133,
39.987987,-75.11791,19134,
40.042916,-75.078109,19111,
39.97098,-75.170613,19130,
40.027494,-75.225879,19127,
40.008741,-75.15956,19140,
39.921528,-75.237373,19142,
39.948297,-75.16161,19107,
39.99363,-75.152428,19132,
39.989304,-75.096647,19134,
39.958786,-75.172168,19103,
39.932215,-75.172308,19146,
40.015991,-75.180076,19129,
39.935138,-75.215754,19143,
39.972024,-75.174318,19130,
39.993339,-75.124964,19134,
40.057417,-75.136815,19126,
40.00349,-75.142824,19140,
39.924463,-75.170677,19145,
39.997305,-75.144118,19133,
40.053095,-75.155595,19138,
40.004437,-75.138819,19140,
39.975327,-75.151596,19122,
40.044746,-75.225751,19128,
39.980434,-75.170938,19121,
39.942025,-75.221998,19143,
39.983377,-75.158555,19121,
39.99044,-75.139661,19133,
40.060103,-75.173298,19119,
40.021295,-75.090212,19124,
40.021415,-75.118998,19120,
40.025633,-75.143818,19141,
40.026707,-75.168672,19144,
39.987697,-75.126464,19125,
40.007797,-75.127322,19140,
39.894728,-75.229306,19153,
40.023264,-75.131548,19120,
40.01159,-75.131817,19140,
39.994028,-75.095615,19134,
39.91678,-75.150083,19148,
40.042808,-74.990619,19114,
39.952574,-75.156505,19107,
40.000944,-75.171958,19132,
40.030207,-75.170258,19144,
39.964188,-75.1811,19130,
40.053621,-75.141505,19126,
39.95301,-75.168307,19103,
39.978819,-75.235709,19131,
39.989889,-75.125492,19125,
39.991924,-75.126446,19134,
40.021323,-75.126258,19140,
39.975399,-75.137142,19122,
40.031898,-75.043487,19135,
40.035928,-75.071207,19149,
39.986648,-75.103766,19134,
39.934403,-75.22447,19143,
40.095248,-74.985102,19154,
40.124015,-75.018696,19116,
40.128735,-75.020767,19116,
39.960879,-75.229227,19139,
40.026256,-75.136458,19120,
39.917756,-75.148305,19148,
40.00079,-75.171375,19132,
40.002097,-75.132605,19140,
40.104555,-75.024305,19116,
40.133873,-75.015826,19116,
40.044769,-75.157379,19138,
39.960796,-75.231704,19139,
40.078222,-75.02419,19114,
40.00491,-75.186866,19132,
39.948849,-75.147583,19106,
40.013924,-75.12606,19140,
39.995831,-75.092117,19137,
39.978905,-75.241092,19151,
39.945005,-75.21528,19143,
40.011427,-75.155701,19140,
39.998619,-75.160158,19132,
40.039524,-75.131904,19120,
40.021764,-75.165399,19144,
40.02116,-75.121393,19120,
40.004737,-75.152174,19140,
40.047128,-75.151723,19141,
39.993818,-75.140564,19133,
39.883852,-75.230706,19153,
39.988056,-75.125941,19125,
39.990982,-75.112149,19134,
39.953216,-75.169955,19103,
40.044965,-75.150026,19141,
39.920696,-75.156534,19148,
39.969722,-75.212936,19131,
39.952812,-75.158119,19107,
39.96344,-75.170156,19130,
40.052782,-75.159247,19138,
39.947137,-75.243861,19143,
39.94301,-75.221738,19143,
40.010011,-75.144027,19140,
39.975411,-75.181682,19121,
40.050739,-75.141036,19126,
39.97022,-75.21385,19131,
40.010195,-75.15098,19140,
40.027568,-75.088899,19124,
39.967505,-75.201776,19104,
39.926471,-75.14502,19148,
40.03633,-75.041628,19135,
39.996198,-75.171595,19132,
40.013886,-75.138376,19140,
39.963446,-75.142864,19123,
40.047108,-75.197144,19119,
39.982935,-75.132545,19122,
39.98792,-75.127518,19125,
39.993276,-75.149182,19133,
39.956056,-75.199865,19104,
39.934859,-75.197459,19146,
39.965926,-75.220363,19139,
39.937489,-75.149922,19147,
39.937668,-75.228338,19143,
39.958764,-75.227791,19139,
39.969039,-75.230373,19131,
40.107697,-75.029501,19116,
39.962209,-75.168101,19130,
39.964808,-75.222003,19139,
40.005977,-75.091777,19124,
40.008819,-75.147655,19140,
39.989148,-75.178684,19121,
40.041694,-75.030493,19136,
39.963783,-75.172932,19130,
40.003252,-75.141466,19140,
39.97339,-75.16005,19121,
39.939414,-75.179021,19146,
40.056464,-75.171497,19138,
39.948104,-75.151077,19106,
40.000922,-75.153674,19132,
39.950131,-75.157647,19107,
40.019592,-75.153851,19140,
40.122652,-75.033483,19116,
39.950565,-75.161824,19107,
39.951586,-75.156776,19107,
40.030224,-75.030966,19136,
39.973019,-75.18215,19130,
39.976611,-75.23363,19131,
40.073272,-75.168352,19150,
40.000606,-75.117253,19134,
39.983056,-75.101399,19134,
40.001704,-75.140779,19140,
39.998743,-75.114958,19134,
39.987939,-75.155981,19132,
40.024115,-75.175457,19144,
39.98242,-75.102415,19134,
40.024024,-75.041208,19135,
39.991591,-75.123582,19134,
39.991845,-75.125281,19134,
40.034751,-75.117542,19120,
39.981562,-75.113299,19134,
39.969175,-75.145325,19123,
39.944456,-75.160263,19147,
40.018914,-75.096484,19124,
40.025408,-75.175183,19144,
39.926012,-75.234766,19142,
40.022861,-75.150476,19140,
39.92578,-75.182756,19145,
39.994101,-75.132315,19133,
39.974636,-75.204808,19104,
40.053238,-75.12588,19126,
39.928873,-75.180454,19145,
39.976108,-75.24374,19151,
39.932164,-75.171258,19146,
40.004552,-75.139647,19140,
40.068481,-75.085367,19111,
39.988138,-75.183326,19121,
40.048184,-75.063992,19149,
40.069137,-75.169341,19150,
39.988805,-75.170556,19121,
40.038604,-75.142577,19141,
39.995175,-75.127989,19134,
39.937589,-75.194058,19146,
39.941219,-75.153486,19147,
39.970152,-75.138898,19122,
40.010227,-75.097559,19124,
40.016895,-75.149621,19140,
39.963915,-75.198221,19104,
39.973399,-75.221733,19131,
39.965357,-75.242102,19139,
39.936729,-75.178376,19146,
40.087026,-74.965735,19154,
39.975092,-75.253746,19151,
39.997319,-75.176851,19132,
39.943852,-75.16724,19146,
39.989038,-75.1334,19133,
39.973992,-75.160585,19121,
39.925322,-75.157669,19148,
39.992642,-75.144141,19133,
39.978666,-75.157964,19121,
40.076017,-75.212709,19118,
39.999301,-75.108155,19134,
39.967479,-75.221778,19139,
40.03104,-75.131736,19120,
39.988637,-75.151928,19133,
39.989133,-75.165239,19132,
39.975419,-75.154811,19122,
40.054218,-75.179812,19119,
39.975914,-75.23997,19151,
40.027199,-75.055914,19135,
39.971704,-75.172024,19130,
39.983848,-75.085095,19137,
39.97351,-75.233477,19131,
39.944939,-75.167824,19146,
40.063611,-75.166416,19150,
40.043351,-75.123362,19120,
40.012334,-75.112167,19120,
40.067869,-75.197044,19118,
39.959472,-75.233178,19139,
39.929408,-75.242276,19142,
39.943586,-75.172107,19146,
40.013944,-75.186219,19129,
40.027885,-75.163745,19144,
40.013758,-75.141504,19140,
39.97036,-75.217174,19131,
39.951895,-75.172497,19103,
40.031663,-75.053257,19135,
39.992977,-75.122276,19134,
40.028736,-75.132216,19120,
40.024181,-75.084518,19124,
40.043335,-75.123244,19120,
39.965434,-75.238546,19139,
40.045778,-75.179406,19144,
39.991555,-75.160604,19132,
39.969314,-75.241197,19151,
40.047141,-75.163052,19138,
39.977797,-75.184443,19121,
40.001854,-75.103724,19134,
40.029328,-75.146938,19141,
40.067149,-75.178621,19150,
40.02638,-75.054267,19135,
40.052879,-75.131818,19126,
39.99363,-75.152428,19132,
39.936112,-75.19285,19146,
40.040463,-75.178633,19144,
40.01214,-75.187289,19129,
40.005205,-75.123812,19134,
40.070709,-75.157486,19150,
40.040838,-75.03343,19136,
39.992931,-75.121813,19134,
39.966254,-75.249339,19139,
39.999399,-75.111044,19134,
39.99131,-75.133742,19133,
40.043713,-75.156909,19138,
39.950203,-75.171467,19103,
39.90457,-75.173606,19148,
39.928643,-75.229904,19142,
39.976482,-75.245699,19151,
40.024319,-75.081228,19124,
40.022356,-75.176072,19144,
40.003145,-75.152522,19140,
40.030807,-75.112031,19120,
40.006611,-75.213489,19131,
40.025893,-75.164981,19144,
39.917423,-75.235233,19142,
39.988844,-75.127384,19125,
40.031466,-75.188757,19144,
39.976916,-75.143468,19122,
40.036527,-75.131562,19120,
39.955944,-75.217686,19139,
39.980115,-75.269309,19151,
39.921762,-75.237201,19142,
40.032872,-75.163629,19144,
39.982394,-75.180641,19121,
39.968692,-75.238597,19151,
39.931259,-75.180307,19145,
40.025256,-75.114559,19120,
39.948699,-75.160636,19107,
39.946378,-75.141738,19106,
40.021279,-75.122409,19120,
40.06127,-75.061875,19111,
39.95039,-75.172253,19103,
40.018919,-75.116407,19120,
40.000225,-75.091663,19137,
39.920824,-75.228757,19142,
40.013166,-75.078736,19124,
40.035928,-75.071207,19149,
40.049449,-75.050769,19152,
39.997293,-75.089345,19137,
39.998331,-75.10886,19134,
39.991358,-75.130741,19125,
39.980251,-75.156274,19122,
40.039499,-75.125078,19120,
39.978973,-75.167129,19121,
39.99809,-75.125342,19134,
39.982837,-75.144969,19122,
39.998411,-75.103327,19134,
39.950893,-75.230666,19143,
39.927727,-75.166825,19148,
40.071581,-75.157636,19150,
39.978651,-75.133512,19122,
40.050083,-75.243164,19128,
39.983527,-75.137111,19122,
39.936968,-75.174048,19146,
39.934273,-75.195868,19146,
39.953245,-75.242525,19143,
39.999048,-75.210226,19131,
39.995911,-75.099301,19134,
39.964545,-75.17082,19130,
39.963998,-75.134836,19123,
39.99044,-75.139661,19133,
39.999883,-75.171623,19132,
40.006611,-75.213489,19131,
39.934515,-75.199238,19146,
40.069928,-75.200176,19118,
40.012372,-75.126382,19140,
39.947201,-75.210748,19143,
39.992103,-75.10957,19134,
39.93126,-75.195021,19145,
40.015484,-75.078593,19124,
40.047603,-75.189673,19119,
40.082301,-74.964763,19154,
39.930204,-75.167472,19148,
40.032875,-75.115132,19120,
40.071581,-75.157636,19150,
40.022416,-75.078182,19124,
40.030328,-75.184191,19144,
39.94786,-75.243767,19143,
40.038254,-75.141038,19141,
39.923346,-75.231759,19142,
39.997971,-75.129331,19134,
39.96431,-75.231386,19139,
40.018824,-75.133441,19140,
39.989926,-75.117795,19134,
39.954264,-75.222959,19139,
40.020948,-75.073739,19124,
40.023094,-75.076588,19124,
39.998579,-75.066689,19137,
39.971562,-75.126634,19125,
40.095056,-75.027684,19115,
39.96738,-75.245838,19139,
40.018773,-75.151421,19140,
39.90215,-75.239783,19153,
39.942902,-75.235996,19143,
40.020978,-75.047284,19135,
40.02849,-75.099584,19124,
40.052274,-75.080215,19111,
40.012417,-75.175084,19129,
39.938272,-75.15222,19147,
40.010139,-75.157636,19140,
39.984436,-75.112945,19134,
39.990982,-75.164376,19132,
39.971407,-75.225895,19131,
40.113881,-74.987589,19154,
39.996162,-75.148551,19133,
39.970068,-75.217192,19131,
40.079466,-75.175058,19150,
39.95702,-75.225636,19139,
39.986238,-75.156234,19122,
40.054473,-75.096455,19111,
40.033986,-75.044046,19135,
39.968838,-75.232231,19131,
39.967752,-75.218764,19139,
40.070266,-75.056342,19152,
39.941568,-75.149031,19147,
40.011487,-75.156072,19140,
39.951586,-75.156776,19107,
39.972754,-75.159105,19122,
40.014924,-75.075781,19124,
39.971009,-75.16133,19130,
39.917709,-75.149154,19148,
40.03583,-75.174727,19144,
39.93931,-75.146027,19147,
40.010453,-75.160819,19140,
39.956664,-75.19801,19104,
40.030179,-75.143648,19141,
40.011611,-75.108133,19124,
39.912895,-75.141687,19148,
40.034859,-75.184353,19144,
39.9323,-75.172985,19146,
39.969162,-75.137901,19123,
39.945704,-75.183691,19146,
40.049425,-75.062946,19149,
39.998668,-75.090539,19137,
40.029363,-75.152773,19141,
39.998363,-75.115052,19134,
39.977189,-75.226807,19131,
40.118126,-75.028818,19116,
39.951586,-75.156776,19107,
39.952992,-75.159703,19107,
40.009123,-75.150011,19160,
39.965694,-75.232958,19139,
39.953225,-75.143171,19106,
39.994898,-75.137695,19133,
40.025351,-75.050237,19135,
39.961326,-75.235911,19139,
39.987927,-75.14398,19133,
40.096605,-74.970822,19154,
40.050712,-75.191293,19119,
39.994383,-75.121921,19134,
39.987445,-75.172966,19121,
39.934075,-75.195911,19146,
40.028016,-75.08104,19124,
40.007366,-75.1369,19140,
39.911525,-75.245518,19153,
40.06432,-75.153653,19138,
40.009148,-75.086939,19124,
39.998061,-75.110429,19134,
39.969598,-75.139014,19122,
39.970231,-75.232438,19131,
40.04485,-75.080333,19111,
39.977366,-75.229855,19131,
39.948816,-75.169725,19103,
39.981833,-75.129772,19125,
39.934602,-75.232711,19142,
39.95255,-75.165287,19102,
39.921539,-75.156824,19148,
40.031787,-75.109061,19120,
40.041993,-75.136999,19141,
39.946698,-75.1817,19146,
39.959754,-75.235121,19139,
39.962697,-75.226394,19139,
39.999569,-75.104342,19134,
39.950105,-75.145298,19106,
40.049721,-75.101067,19111,
39.991072,-75.174352,19132,
40.040121,-75.104658,19120,
39.943841,-75.145134,19106,
39.952127,-75.161385,19105,
40.0338,-75.038101,19136,
39.952058,-75.160656,19105,
39.979773,-75.244868,19151,
39.962311,-75.148076,19123,
40.102182,-75.04102,19115,
39.954773,-75.226025,19139,
39.966423,-75.136135,19123,
39.921731,-75.165095,19148,
39.953979,-75.168272,19103,
40.045978,-75.194737,19119,
39.987269,-75.170934,19121,
39.996922,-75.129601,19133,
39.997419,-75.168825,19132,
39.999301,-75.108155,19134,
39.915295,-75.159846,19148,
40.030235,-75.145375,19141,
40.019851,-75.123426,19120,
40.021593,-75.148491,19140,
40.014492,-75.155082,19140,
39.960244,-75.137216,19123,
40.042474,-75.153913,19141,
40.04704,-75.082588,19111,
39.99092,-75.120659,19134,
39.967802,-75.218257,19139,
39.991692,-75.137324,19133,
39.990474,-75.148861,19133,
39.971379,-75.169324,19130,
39.9542,-75.142891,19106,
39.97101,-75.147987,19122,
40.031196,-75.032128,19136,
40.063243,-75.238669,19128,
40.064655,-75.083467,19111,
39.991454,-75.091662,19134,
40.039839,-75.109053,19120,
40.022881,-75.130507,19120,
40.010141,-75.089198,19124,
39.952947,-75.176857,19103,
39.965955,-75.235819,19139,
40.023539,-75.177445,19144,
39.939174,-75.144408,19147,
39.978769,-75.157961,19121,
40.028196,-75.110045,19124,
39.928643,-75.229904,19142,
39.9633,-75.226235,19139,
39.98339,-75.161755,19121,
40.029412,-75.036659,19135,
40.001552,-75.110123,19134,
40.004978,-75.178684,19129,
40.002195,-75.132624,19140,
39.984392,-75.159329,19121,
39.981748,-75.157299,19121,
39.995957,-75.154194,19132,
39.965771,-75.240017,19139,
39.930445,-75.168487,19145,
40.026864,-75.098425,19124,
39.99363,-75.152428,19132,
40.04127,-75.075602,19149,
39.954225,-75.169842,19103,
40.014282,-75.078295,19124,
39.95893,-75.2414,19139,
39.949325,-75.235358,19143,
40.031663,-75.053257,19135,
40.068927,-75.181672,19150,
39.939073,-75.194067,19146,
40.014431,-75.159485,19140,
39.959844,-75.193827,19104,
39.954593,-75.164897,19102,
39.995389,-75.116324,19134,
40.03583,-75.174727,19144,
40.026776,-75.212787,19128,
39.977416,-75.132184,19122,
39.987256,-75.158925,19132,
40.036848,-75.059002,19149,
39.953216,-75.169955,19103,
40.000193,-75.113592,19134,
39.965991,-75.144615,19123,
39.943332,-75.232308,19143,
40.010845,-75.102907,19124,
40.000649,-75.120654,19134,
39.918498,-75.183471,19145,
40.020343,-75.134047,19140,
39.992057,-75.140229,19133,
39.998554,-75.1691,19132,
39.993181,-75.161293,19132,
39.98113,-75.114154,19134,
39.920054,-75.149098,19148,
40.019901,-75.174965,19144,
39.995797,-75.125944,19134,
40.001268,-75.162819,19132,
40.028971,-75.058374,19149,
39.970443,-75.159713,19130,
39.938897,-75.157661,19147,
39.927302,-75.154039,19148,
40.040994,-75.154112,19138,
39.967355,-75.17404,19130,
40.074042,-75.084722,19111,
39.987725,-75.12311,19125,
39.998107,-75.125428,19134,
40.06433,-75.150935,19138,
39.955086,-75.219825,19139,
40.118849,-75.033273,19116,
40.039829,-75.032611,19136,
40.0597,-75.14027,19126,
39.926513,-75.191068,19145,
39.961942,-75.240193,19139,
40.022461,-75.155759,19140,
40.000267,-75.106469,19134,
39.966903,-75.24069,19139,
39.975896,-75.158465,19122,
39.936901,-75.146673,19147,
40.030058,-75.10323,19124,
39.928974,-75.168811,19148,
39.995631,-75.16757,19132,
39.97022,-75.21385,19131,
39.934671,-75.227254,19143,
40.025266,-75.17497,19144,
39.978175,-75.252642,19151,
40.037055,-75.145232,19141,
39.933972,-75.166654,19147,
39.944836,-75.212692,19143,
39.982966,-75.154669,19122,
39.990346,-75.121558,19134,
39.973037,-75.141534,19122,
40.001036,-75.128678,19134,
40.037857,-75.026617,19136,
39.966361,-75.238364,19139,
39.977562,-75.128754,19125,
39.98391,-75.161649,19121,
39.978057,-75.129571,19125,
39.997971,-75.129331,19134,
39.987273,-75.138893,19133,
40.034859,-75.184353,19144,
39.96738,-75.245838,19139,
39.876264,-75.244143,19153,
39.984796,-75.099543,19134,
39.964262,-75.146391,19123,
39.986795,-75.147363,19133,
40.005742,-75.101,19124,
39.954974,-75.168046,19103,
40.007211,-75.093819,19124,
40.007701,-75.151655,19140,
40.026928,-75.13003,19120,
40.028898,-75.207999,19128,
40.023685,-75.1555,19140,
40.041696,-75.16871,19144,
39.962013,-75.240775,19139,
40.006611,-75.213489,19131,
39.996717,-75.115422,19134,
39.995831,-75.092117,19137,
39.976209,-75.138182,19122,
39.994427,-75.158263,19132,
39.962958,-75.140961,19123,
39.975319,-75.266147,19151,
39.959521,-75.23323,19139,
40.001716,-75.151511,19132,
39.95068,-75.228911,19143,
39.955688,-75.144432,19106,
39.984309,-75.106004,19134,
40.030069,-75.142836,19141,
39.993338,-75.097047,19134,
39.939725,-75.14557,19147,
40.002696,-75.124347,19134,
39.91642,-75.162865,19148,
40.002302,-75.121908,19134,
40.039872,-75.144625,19141,
40.053022,-75.15158,19138,
39.99148,-75.122562,19134,
40.022349,-75.142949,19140,
40.074172,-75.034641,19114,
40.02129,-75.156837,19140,
40.030105,-75.124607,19120,
40.056667,-75.01114,19114,
40.063243,-75.238669,19128,
39.925885,-75.154269,19148,
40.014851,-75.076101,19124,
40.037826,-75.177672,19144,
40.029417,-75.148637,19141,
40.028799,-75.143958,19141,
39.985103,-75.120626,19125,
40.023201,-75.054528,19135,
40.028815,-75.163111,19144,
40.03437,-75.092304,19149,
39.956648,-75.232769,19139,
39.986397,-75.180237,19121,
40.064755,-75.062918,19111,
40.103894,-75.037649,19115,
40.013355,-75.13753,19140,
40.019506,-75.170641,19144,
40.082504,-74.96481,19154,
40.021817,-75.152445,19140,
40.04303,-75.12816,19120,
39.932171,-75.191546,19145,
39.926105,-75.163337,19148,
39.949859,-75.23647,19143,
39.948172,-75.216501,19143,
39.930257,-75.166876,19148,
40.023061,-75.154826,19140,
39.975572,-75.125257,19125,
40.054996,-75.155461,19138,
39.959477,-75.220961,19139,
39.950736,-75.145516,19106,
39.893538,-75.239442,19153,
40.022461,-75.150566,19140,
39.947904,-75.162403,19107,
39.95211,-75.161442,19105,
39.989734,-75.107481,19134,
40.046868,-75.058382,19149,
39.993516,-75.126419,19134,
40.062117,-75.139745,19126,
39.998084,-75.070688,19137,
39.941006,-75.144113,19147,
40.098311,-74.963101,19154,
39.996305,-75.118262,19134,
39.945052,-75.144838,19106,
40.045355,-75.128615,19120,
39.936207,-75.16701,19147,
39.951184,-75.153624,19107,
39.990733,-75.129948,19125,
40.000528,-75.173125,19132,
39.900717,-75.229902,19153,
40.050676,-75.173263,19138,
40.038924,-75.101533,19120,
40.002278,-75.137912,19140,
39.926395,-75.175863,19145,
40.030786,-75.127642,19120,
40.02849,-75.099584,19124,
39.996107,-75.122674,19134,
40.008056,-75.144443,19140,
40.029886,-75.121638,19120,
40.006943,-75.157488,19140,
39.993569,-75.154732,19132,
40.058804,-75.177067,19119,
39.963148,-75.163061,19130,
39.980442,-75.239438,19151,
40.000305,-75.071572,19137,
39.991722,-75.121062,19134,
40.046868,-75.058382,19149,
40.024914,-75.143199,19141,
40.000441,-75.14934,19133,
39.991672,-75.173353,19132,
40.053066,-75.064346,19111,
39.9926,-75.131145,19133,
40.065794,-75.184993,19119,
40.049386,-75.147456,19141,
39.999336,-75.110723,19134,
40.051489,-75.068354,19111,
39.981363,-75.132869,19125,
40.039082,-75.144752,19141,
40.063034,-75.086551,19111,
40.070052,-75.181761,19150,
40.028339,-75.215122,19128,
40.012209,-75.137213,19140,
39.982647,-75.188311,19121,
40.007953,-75.085223,19124,
39.953807,-75.166619,19103,
40.012678,-75.080519,19124,
40.03036,-75.180286,19179,
39.963989,-75.141803,19123,
39.997278,-75.089468,19137,
39.966485,-75.138809,19123,
39.972829,-75.216375,19131,
39.953533,-75.191996,19104,
39.99192,-75.125904,19134,
39.962472,-75.150255,19123,
40.005663,-75.148331,19140,
40.054807,-75.049086,19152,
40.039265,-75.152872,19141,
39.979579,-75.152175,19122,
39.949868,-75.16809,19102,
40.06422,-75.155209,19138,
40.016463,-75.200251,19129,
40.011877,-75.147276,19140,
39.973359,-75.167263,19130,
39.958326,-75.168083,19103,
39.925977,-75.159049,19148,
40.039265,-75.152872,19141,
39.981977,-75.158942,19121,
40.027312,-75.132561,19120,
39.997413,-75.120106,19134,
40.027612,-75.129527,19120,
39.948954,-75.226715,19143,
39.987107,-75.161049,19132,
40.039112,-75.144801,19141,
39.991845,-75.125281,19134,
40.026942,-75.108961,19124,
39.998269,-75.112939,19134,
39.961058,-75.143415,19123,
40.056827,-75.047006,19152,
39.990343,-75.090676,19134,
40.034347,-75.071758,19149,
40.045621,-75.141061,19141,
39.957518,-75.173335,19103,
40.033559,-75.185671,19144,
39.997705,-75.15876,19132,
39.969532,-75.16635,19130,
39.894728,-75.229306,19153,
39.953855,-75.206647,19104,
39.992478,-75.130618,19133,
40.029371,-75.036542,19135,
39.973467,-75.204246,19104,
40.081599,-75.041472,19115,
39.970391,-75.134384,19125,
39.925816,-75.227249,19142,
40.042764,-75.059572,19149,
39.997937,-75.104353,19134,
40.125642,-74.996075,19116,
40.019035,-75.185239,19129,
40.044913,-75.171638,19144,
39.991454,-75.091662,19134,
40.001886,-75.117992,19134,
39.991733,-75.103456,19134,
40.006611,-75.213489,19131,
39.974876,-75.13139,19125,
39.984436,-75.112945,19134,
39.988728,-75.187106,19132,
39.960248,-75.226853,19139,
40.055551,-75.143959,19126,
40.059169,-75.190258,19119,
40.110475,-75.021917,19116,
39.902298,-75.154937,19148,
39.964651,-75.16756,19130,
40.022257,-75.154215,19140,
40.057135,-75.131798,19126,
40.07018,-74.988007,19114,
40.057632,-75.028957,19152,
39.998001,-75.112028,19134,
40.003749,-75.132901,19140,
39.991591,-75.123582,19134,
40.090826,-74.958716,19154,
39.99371,-75.110987,19134,
39.938457,-75.171606,19146,
40.00466,-75.152301,19140,
39.960103,-75.153687,19123,
40.007629,-75.094497,19124,
40.002644,-75.124414,19134,
39.960604,-75.242315,19139,
39.956142,-75.193425,19104,
39.931022,-75.232371,19142,
40.033858,-75.042388,19135,
39.980606,-75.252813,19151,
40.0287,-75.043817,19135,
40.05189,-75.155408,19138,
39.96674,-75.168687,19130,
40.005025,-75.080432,19124,
39.992316,-75.128931,19134,
40.068187,-75.05576,19152,
39.987568,-75.141244,19133,
40.031822,-75.122163,19120,
40.020497,-75.166848,19144,
40.066015,-75.171989,19150,
39.999851,-75.15202,19132,
40.001153,-75.221623,19131,
40.102634,-74.968735,19154,
39.883852,-75.230706,19153,
40.016135,-75.149805,19140,
39.9554,-75.156342,19107,
40.024504,-75.114345,19120,
39.975334,-75.121184,19125,
40.068161,-75.198109,19118,
39.987828,-75.180598,19121,
39.977992,-75.114321,19125,
40.045007,-75.12351,19120,
39.966131,-75.134467,19125,
39.918538,-75.185227,19145,
40.047568,-75.100322,19111,
39.999301,-75.108155,19134,
40.057533,-75.150369,19138,
40.012417,-75.175084,19129,
39.963892,-75.20792,19104,
40.027152,-75.123211,19120,
40.009051,-75.122202,19124,
39.995551,-75.166634,19132,
40.037167,-75.136498,19141,
40.007675,-75.151605,19140,
39.956546,-75.15133,19123,
39.980459,-75.234095,19131,
40.01178,-75.083177,19124,
39.993929,-75.130277,19133,
39.930881,-75.167326,19147,
39.976919,-75.230896,19131,
40.028837,-75.043858,19135,
40.022416,-75.078182,19124,
40.05484,-75.080759,19111,
39.925298,-75.191795,19145,
40.051138,-75.066061,19149,
40.075475,-75.019217,19114,
39.93845,-75.188126,19146,
39.956538,-75.152445,19107,
39.979349,-75.24259,19151,
40.038081,-75.144081,19141,
39.942091,-75.22423,19143,
39.965167,-75.228023,19139,
40.021552,-75.054693,19135,
40.023956,-75.042978,19135,
39.974642,-75.199244,19104,
40.097624,-74.986307,19154,
39.943101,-75.226659,19143,
39.995134,-75.115816,19134,
39.969198,-75.205803,19104,
40.049014,-75.08084,19111,
39.979523,-75.11921,19125,
40.034636,-75.053521,19149,
40.100067,-75.010046,19116,
39.924314,-75.150104,19148,
40.063056,-75.141115,19126,
39.957629,-75.158695,19107,
40.011442,-75.177142,19129,
40.104531,-75.002394,19116,
40.0422,-75.07362,19149,
39.987695,-75.179883,19121,
39.945984,-75.213964,19143,
40.013353,-75.097485,19124,
39.983762,-75.173469,19121,
40.041694,-75.0752,19149,
39.927884,-75.225212,19142,
39.987083,-75.105068,19134,
40.011343,-75.084683,19124,
39.983606,-75.115611,19134,
39.962256,-75.242748,19139,
40.080627,-74.986114,19154,
39.983142,-75.170244,19121,
40.022416,-75.078182,19124,
40.038179,-75.019686,19136,
40.01243,-75.187907,19129,
40.036162,-75.129501,19120,
39.984751,-75.13221,19133,
40.009288,-75.151249,19140,
40.011658,-75.141538,19140,
39.997413,-75.120106,19134,
39.98932,-75.231359,19131,
40.017003,-75.083413,19124,
40.043828,-75.06654,19149,
39.94649,-75.240188,19143,
40.051138,-75.066061,19149,
39.912955,-75.16149,19148,
39.989398,-75.155646,19132,
39.976055,-75.129895,19125,
40.015473,-75.068532,19124,
39.996994,-75.10865,19134,
40.004269,-75.099355,19124,
39.998969,-75.132216,19133,
39.921451,-75.173176,19145,
40.03717,-75.10004,19124,
39.989534,-75.168326,19132,
40.023614,-75.177328,19144,
39.946703,-75.162579,19107,
39.930657,-75.215938,19143,
39.970457,-75.234219,19131,
39.9249,-75.223454,19142,
39.910593,-75.241253,19153,
39.975896,-75.158465,19122,
40.069525,-75.165142,19150,
40.022914,-75.169951,19144,
40.07768,-75.084823,19111,
39.992484,-75.092576,19134,
39.985946,-75.161303,19121,
39.976064,-75.26481,19151,
39.988844,-75.127384,19125,
39.952021,-75.214442,19143,
39.948364,-75.20913,19104,
40.039858,-75.120472,19120,
40.021557,-75.137513,19140,
40.063173,-74.996804,19114,
39.946852,-75.182931,19146,
39.980554,-75.228173,19131,
39.99587,-75.114608,19134,
39.970443,-75.159713,19130,
39.992525,-75.179632,19132,
39.935871,-75.234089,19142,
40.039072,-75.161093,19144,
39.954328,-75.152946,19107,
39.996654,-75.114234,19134,
40.032427,-75.064915,19149,
40.002664,-75.148874,19140,
40.039498,-75.129872,19120,
40.038605,-75.223241,19128,
40.026942,-75.087779,19124,
39.997456,-75.121172,19134,
40.051111,-75.09109,19111,
40.060605,-75.156973,19138,
39.99462,-75.15289,19132,
39.933348,-75.192278,19145,
39.936287,-75.224785,19143,
39.994214,-75.107803,19134,
40.043165,-75.167133,19144,
40.028088,-75.044937,19135,
39.923961,-75.177985,19145,
39.997628,-75.157142,19132,
39.984405,-75.156733,19121,
39.951687,-75.158365,19107,
39.947369,-75.243757,19143,
39.987607,-75.109296,19134,
40.073238,-75.036915,19115,
40.001999,-75.108095,19134,
40.054961,-75.155103,19138,
39.944884,-75.224039,19143,
40.033878,-75.079956,19149,
39.997178,-75.118523,19134,
39.973872,-75.125007,19125,
39.9957,-75.119719,19134,
39.996806,-75.111747,19134,
40.008032,-75.211757,19131,
40.025734,-75.174986,19144,
40.051123,-75.156961,19138,
39.936342,-75.151934,19147,
39.941788,-75.150781,19147,
39.956806,-75.229481,19139,
39.966727,-75.247034,19139,
39.975896,-75.158465,19122,
39.883546,-75.232354,19153,
40.063313,-75.057123,19152,
39.986015,-75.114391,19134,
40.026091,-75.166862,19144,
40.008152,-75.192199,19129,
40.010045,-75.092973,19124,
39.925909,-75.168197,19148,
40.052301,-75.201552,19119,
40.049389,-75.142532,19141,
40.007294,-75.143627,19140,
40.030078,-75.118637,19120,
40.06717,-75.148702,19138,
39.977653,-75.160699,19121,
40.010801,-75.104832,19124,
39.99147,-75.128869,19134,
39.997721,-75.12985,19133,
40.011849,-75.088205,19124,
40.003279,-75.165898,19129,
